Name,ENG,RUS,UKR,IsSingleMessage (All localizations are written in the same message), 
AddBlackList,Add user to a blacklist,–î–æ–±–∞–≤–∏—Ç—å –ø–æ–ª—å–∑–æ–≤–∞—Ç–µ–ª—è –≤ —á–µ—Ä–Ω—ã–π —Å–ø–∏—Å–æ–∫,–î–æ–¥–∞—Ç–∏ –∫–æ—Ä–∏—Å—Ç—É–≤–∞—á–∞ –¥–æ —á–æ—Ä–Ω–æ–≥–æ —Å–ø–∏—Å–∫—É,,
RemoveBlackList,Remove user from a blacklist,–£–¥–∞–ª–∏—Ç—å –ø–æ–ª—å–∑–æ–≤–∞—Ç–µ–ª—è –∏–∑ —á–µ—Ä–Ω–æ–≥–æ —Å–ø–∏—Å–∫–∞,–í–∏–¥–∞–ª–∏—Ç–∏ –∫–æ—Ä–∏—Å—Ç—É–≤–∞—á–∞ –∑ —á–æ—Ä–Ω–æ–≥–æ —Å–ø–∏—Å–∫—É,,
ChooseOption,Choose the option:,–í—ã–±–µ—Ä–∏ –≤–∞—Ä–∏–∞–Ω—Ç:,–í–∏–±–µ—Ä–∏ –≤–∞—Ä—ñ–∞–Ω—Ç:,,
IncreasedFamD,"When you invite someone, this person instantly receives like from you.\n","–ö–æ–≥–¥–∞ —Ç—ã –ø—Ä–∏–≥–ª–∞—à–∞–µ—à—å –∫–æ–≥–æ-—Ç–æ, —ç—Ç–æ—Ç —á–µ–ª–æ–≤–µ–∫ –º–≥–Ω–æ–≤–µ–Ω–Ω–æ –ø–æ–ª—É—á–∞–µ—Ç –ª–∞–π–∫ –æ—Ç —Ç–µ–±—è.\n","–ö–æ–ª–∏ —Ç–∏ –∑–∞–ø—Ä–æ—à—É—î—à –∫–æ–≥–æ—Å—å, —Ü—è –ª—é–¥–∏–Ω–∞ –º–∏—Ç—Ç—î–≤–æ –æ—Ç—Ä–∏–º—É—î –ª–∞–π–∫ –≤—ñ–¥ —Ç–µ–±–µ.\n",,
OceanSettings,OCEAN+ Settings,,,,
TurnOffOcean,Turn Off OCEAN+,,,,
ConsiderLangsInRand,Consider languages in Random Conversations,,,,
DeleteProfile,Delete profile,,,,
Skip,Skip,,,,
MyProfile,üë§ My Profile üë§,üë§ –ú–æ–π –ø—Ä–æ—Ñ–∏–ª—å üë§,üë§ –ú—ñ–π –ø—Ä–æ—Ñ—ñ–ª—å üë§,,
OkB,Ok,,,,
FilterSettings,Filter Settings,–ù–∞—Å—Ç—Ä–æ–π–∫–∏ —Ñ–∏–ª—å—Ç—Ä–∞,–ù–∞–ª–∞—à—Ç—É–≤–∞–Ω–Ω—è —Ñ—ñ–ª—å—Ç—Ä–∞,,
InventoryStatistics,Inventory and Statistics,–ò–Ω–≤–µ–Ω—Ç–∞—Ä—å –∏ —Å—Ç–∞—Ç–∏—Å—Ç–∏–∫–∞,–Ü–Ω–≤–µ–Ω—Ç–∞—Ä —ñ —Å—Ç–∞—Ç–∏—Å—Ç–∏–∫–∞,,
AdditionalActions,Additional Actions,–î–æ–ø–æ–ª–Ω–∏—Ç–µ–ª—å–Ω—ã–µ –¥–µ–π—Å—Ç–≤–∏—è,–î–æ–¥–∞—Ç–∫–æ–≤—ñ –¥—ñ—ó,,
Exit,Exit,–í—ã–π—Ç–∏ ,–í–∏–π—Ç–∏ ,,
ViewBlacklist,View the blacklist,–ü—Ä–æ—Å–º–æ—Ç—Ä —á–µ—Ä–Ω–æ–≥–æ —Å–ø–∏—Å–∫–∞,–ü–µ—Ä–µ–≥–ª—è–¥ —á–æ—Ä–Ω–æ–≥–æ —Å–ø–∏—Å–∫—É,,
ManageEncounters,Manage recently encountered users,–£–ø—Ä–∞–≤–ª–µ–Ω–∏–µ –Ω–µ–¥–∞–≤–Ω–æ –≤—Å—Ç—Ä–µ—á–µ–Ω–Ω—ã–º–∏ –ø–æ–ª—å–∑–æ–≤–∞—Ç–µ–ª—è–º–∏,–ö–µ—Ä—É–≤–∞–Ω–Ω—è –Ω–µ—â–æ–¥–∞–≤–Ω–æ –∑—É—Å—Ç—Ä—ñ–Ω—É—Ç–∏–º–∏ –∫–æ—Ä–∏—Å—Ç—É–≤–∞—á–∞–º–∏,,
ChangeProfile,Change profile properties,–ò–∑–º–µ–Ω–µ–Ω–∏–µ —Å–≤–æ–π—Å—Ç–≤ –ø—Ä–æ—Ñ–∏–ª—è,–ó–º—ñ–Ω–∞ –≤–ª–∞—Å—Ç–∏–≤–æ—Å—Ç–µ–π –ø—Ä–æ—Ñ—ñ–ª—é,,
SetStatus,‚≠êSet profile status‚≠ê,‚≠ê–£—Å—Ç–∞–Ω–æ–≤–∏—Ç—å —Å—Ç–∞—Ç—É—Å –ø—Ä–æ—Ñ–∏–ª—è‚≠ê,‚≠ê–í—Å—Ç–∞–Ω–æ–≤–∏—Ç–∏ —Å—Ç–∞—Ç—É—Å –ø—Ä–æ—Ñ—ñ–ª—é‚≠ê,,
SetAutoReply,Set Auto reply message,–£—Å—Ç–∞–Ω–æ–≤–∏—Ç—å —Å–æ–æ–±—â–µ–Ω–∏–µ –∞–≤—Ç–æ–æ—Ç–≤–µ—Ç—á–∏–∫–∞,–í—Å—Ç–∞–Ω–æ–≤–∏—Ç–∏ –ø–æ–≤—ñ–¥–æ–º–ª–µ–Ω–Ω—è –∞–≤—Ç–æ–≤—ñ–¥–ø–æ–≤—ñ–¥–∞—á–∞,,
ChangeCurrency,Change payment currency,–ò–∑–º–µ–Ω–∏—Ç—å –≤–∞–ª—é—Ç—É –ø–ª–∞—Ç–µ–∂–∞,–ó–º—ñ–Ω–∏—Ç–∏ –≤–∞–ª—é—Ç—É –ø–ª–∞—Ç–µ–∂—É,,
GoBack,Go Back,–í–µ—Ä–Ω—É—Ç—å—Å—è –Ω–∞–∑–∞–¥,–ü–æ–≤–µ—Ä–Ω—É—Ç–∏—Å—è –Ω–∞–∑–∞–¥,,
ManageOceanPoints,Manage OCEAN+ points,–£–ø—Ä–∞–≤–ª–µ–Ω–∏–µ –±–∞–ª–ª–∞–º–∏ OCEAN+,–ö–µ—Ä—É–≤–∞–Ω–Ω—è –±–∞–ª–∞–º–∏ OCEAN+,,
PassTests,Pass Tests,–ü—Ä–æ–π—Ç–∏ —Ç–µ—Å—Ç—ã,–ü—Ä–æ–π—Ç–∏ —Ç–µ—Å—Ç–∏,,
TurnOnOcean,Turn On OCEAN+,–í–∫–ª—é—á–∏—Ç—å  OCEAN+,–£–≤—ñ–º–∫–Ω—É—Ç–∏ OCEAN+,,
FreeToday,Free today,–ë–µ—Å–ø–ª–∞—Ç–Ω–æ —Å–µ–≥–æ–¥–Ω—è,–ë–µ–∑–∫–æ—à—Ç–æ–≤–Ω–æ —Å—å–æ–≥–æ–¥–Ω—ñ,,
SendHints,Send Hints,–û—Ç–ø—Ä–∞–≤–ª—è—Ç—å —Ö–∏–Ω—Ç—ã,–í—ñ–¥–ø—Ä–∞–≤–ª—è—Ç–∏ —Ö—ñ–Ω—Ç–∏,,
CommentOnProfiles,Comment on user profiles,–ö–æ–º–º–µ–Ω—Ç–∏—Ä—É–π –ø—Ä–æ—Ñ–∏–ª–∏ –ø–æ–ª—å–∑–æ–≤–∞—Ç–µ–ª–µ–π,–ö–æ–º–µ–Ω—Ç—É–π –ø—Ä–æ—Ñ—ñ–ª—ñ –∫–æ—Ä–∏—Å—Ç—É–≤–∞—á—ñ–≤,,
FilterByRealPhoto,‚≠êFilter by a real photo‚≠ê,‚≠ê–§–∏–ª—å—Ç—Ä –ø–æ —Ä–µ–∞–ª—å–Ω–æ–π —Ñ–æ—Ç–æ–≥—Ä–∞—Ñ–∏–∏‚≠ê,‚≠ê–§—ñ–ª—å—Ç—Ä –∑ —Ä–µ–∞–ª—å–Ω–æ—ó —Ñ–æ—Ç–æ–≥—Ä–∞—Ñ—ñ—ó‚≠ê,,
Achievements,Achievements,–î–æ—Å—Ç–∏–∂–µ–Ω–∏—è,–î–æ—Å—è–≥–Ω–µ–Ω–Ω—è,,
ManageEffects,Manage effects,–£–ø—Ä–∞–≤–ª–µ–Ω–∏–µ —ç—Ñ—Ñ–µ–∫—Ç–∞–º–∏,–£–ø—Ä–∞–≤–ª—ñ–Ω–Ω—è –µ—Ñ–µ–∫—Ç–∞–º–∏,,
TopupCoins,üíéTop-Up coin balanceüíé,üíé–ü–æ–≤—ã—à–µ–Ω–∏–µ –±–∞–ª–∞–Ω—Å–∞ –º–æ–Ω–µ—Çüíé,üíé–ü—ñ–¥–≤–∏—â–µ–Ω–Ω—è –±–∞–ª–∞–Ω—Å—É –º–æ–Ω–µ—Çüíé,,
TopupOcean,üíéTop-Up OCEAN+ points balanceüíé,üíé–ë–∞–ª–∞–Ω—Å –æ—á–∫–æ–≤ OCEAN+.,üíé–ë–∞–ª–∞–Ω—Å –æ—á–æ–∫ OCEAN+.,,
BuyPremium,üíéBuy premium accessüíé,üíé –ö—É–ø–∏—Ç—å –ø—Ä–µ–º–∏—É–º –¥–æ—Å—Ç—É–øüíé,üíé –ö—É–ø–∏—Ç–∏ –ø—Ä–µ–º—ñ—É–º –¥–æ—Å—Ç—É–øüíé,,
ActiveEffects,Active effects,–ê–∫—Ç–∏–≤–Ω—ã–µ —ç—Ñ—Ñ–µ–∫—Ç—ã,–ê–∫—Ç–∏–≤–Ω—ñ –µ—Ñ–µ–∫—Ç–∏,,
MyEffects,My effects,–ú–æ–∏ —ç—Ñ—Ñ–µ–∫—Ç—ã,–ú–æ—ó –µ—Ñ–µ–∫—Ç–∏,,
InvCreds,Invitation Credentials,–ü–∞—Ä–∞–º–µ—Ç—Ä—ã –ø—Ä–∏–≥–ª–∞—à–µ–Ω–∏—è,–ü–∞—Ä–∞–º–µ—Ç—Ä–∏ –∑–∞–ø—Ä–æ—à–µ–Ω–Ω—è,,
IncrFamiliarity,Increased Familiarity,–ü–æ–≤—ã—Å–∏—Ç—å –±–ª–∏–∑–æ—Å—Ç—å ,–ü—ñ–¥–≤–∏—â–∏—Ç–∏ –±–ª–∏–∑—å–∫—ñ—Å—Ç—å,,
Partial,Partial,–ß–∞—Å—Ç–∏—á–Ω—ã–π,–ß–∞—Å—Ç–∫–æ–≤–∏–π,,
Full,Full,–ü–æ–ª–Ω—ã–π,–ü–æ–≤–Ω–∏–π,,
UseSecondChance,Use üí•Second chanceüí•,–ò—Å–ø–æ–ª—å–∑—É–π üí• –í—Ç–æ—Ä–æ–π —à–∞–Ω—Åüí•,–í–∏–∫–æ—Ä–∏—Å—Ç–æ–≤—É–π üí• –î—Ä—É–≥–∏–π —à–∞–Ω—Åüí•,,
ReportUser,Report user,–°–æ–æ–±—â–∏—Ç—å –æ –ø–æ–ª—å–∑–æ–≤–∞—Ç–µ–ª–µ,–ü–æ–≤—ñ–¥–æ–º–∏—Ç–∏ –ø—Ä–æ –∫–æ—Ä–∏—Å—Ç—É–≤–∞—á–∞,,
ConfirmIdentity,Confirm my identity,–ü–æ–¥—Ç–≤–µ—Ä–¥–∏—Ç—å –º–æ—é –ª–∏—á–Ω–æ—Å—Ç—å,–ü—ñ–¥—Ç–≤–µ—Ä–¥–∏—Ç–∏ –º–æ—é –æ—Å–æ–±–∏—Å—Ç—ñ—Å—Ç—å,,
Link,Link,–°—Å—ã–ª–∫–∞,–ü–æ—Å–∏–ª–∞–Ω–Ω—è,,
QRCode,QR code,QR-–∫–æ–¥,QR-–∫–æ–¥,,
Activate,üí•Activateüí•,üí•–ê–∫—Ç–∏–≤–∏—Ä–æ–≤–∞—Ç—åüí•,üí•–ê–∫—Ç–∏–≤—É–≤–∞—Ç–∏üí•,,
Buy,üí•Buyüí•,üí• –ö—É–ø–∏—Ç—åüí•,üí• –ö—É–ø–∏—Ç–∏üí•,,
YesB,Yes,–î–∞,–¢–∞–∫,,
NoB,No,–ù–µ—Ç,–ù—ñ,,
Done,Done,–í—ã–ø–æ–ª–Ω–µ–Ω–æ,–í–∏–∫–æ–Ω–∞–Ω–æ,,
EffectActivatedWarning,<i><b>Warning! This effect is already active. Repeated usage will override the effect's timer !</b></i>,<i><b>–í–Ω–∏–º–∞–Ω–∏–µ! –≠—Ç–æ—Ç —ç—Ñ—Ñ–µ–∫—Ç —É–∂–µ –∞–∫—Ç–∏–≤–µ–Ω. –ü–æ–≤—Ç–æ—Ä–Ω–æ–µ –∏—Å–ø–æ–ª—å–∑–æ–≤–∞–Ω–∏–µ –ø–µ—Ä–µ–æ–ø—Ä–µ–¥–µ–ª–∏—Ç —Ç–∞–π–º–µ—Ä —ç—Ñ—Ñ–µ–∫—Ç–∞!</b></i>,<i><b>–£–≤–∞–≥–∞! –¶–µ–π –µ—Ñ–µ–∫—Ç –∞–∫—Ç–∏–≤–Ω–∏–π. –ü–æ–≤—Ç–æ—Ä–Ω–µ –≤–∏–∫–æ—Ä–∏—Å—Ç–∞–Ω–Ω—è –ø–µ—Ä–µ–≤–∏–∑–Ω–∞—á–∏—Ç—å —Ç–∞–π–º–µ—Ä –µ—Ñ–µ–∫—Ç—É!</b></i>,,
SecondChanceD,Second chance allows you to 'like' another user once again. It can be used in the 'Encounters' section,–í—Ç–æ—Ä–æ–π —à–∞–Ω—Å –ø–æ–∑–≤–æ–ª—è–µ—Ç —Ç–µ–±–µ–µ—â–µ —Ä–∞–∑ –ø–æ—Å—Ç–∞–≤–∏—Ç—å –ª–∞–π–∫ –¥—Ä—É–≥–æ–º—É –ø–æ–ª—å–∑–æ–≤–∞—Ç–µ–ª—é. –ï–≥–æ –º–æ–∂–Ω–æ –∏—Å–ø–æ–ª—å–∑–æ–≤–∞—Ç—å –≤ —Ä–∞–∑–¥–µ–ª–µ ¬´–í—Å—Ç—Ä–µ—á–∏¬ª.,–î—Ä—É–≥–∏–π —à–∞–Ω—Å –¥–æ–∑–≤–æ–ª—è—î —Ç–æ–±—ñ —â–µ —Ä–∞–∑ –ø–æ—Å—Ç–∞–≤–∏—Ç–∏ –ª–∞–π–∫ —ñ–Ω—à–æ–º—É –∫–æ—Ä–∏—Å—Ç—É–≤–∞—á–µ–≤—ñ. –ô–æ–≥–æ –º–æ–∂–Ω–∞ –≤–∏–∫–æ—Ä–∏—Å—Ç–æ–≤—É–≤–∞—Ç–∏ —É —Ä–æ–∑–¥—ñ–ª—ñ ¬´–ó—É—Å—Ç—Ä—ñ—á—ñ¬ª.,,
ValentineD,Doubles your Personality points for an hour,–£–¥–≤–∞–∏–≤–∞–µ—Ç —Ç–≤–æ–∏ –æ—á–∫–∏  OCEAN+. –Ω–∞ —á–∞—Å,–ü–æ–¥–≤–æ—é—î —Ç–≤–æ—ó –±–∞–ª–∏ OCEAN+. –Ω–∞ –≥–æ–¥–∏–Ω—É,,
DetectorD,"When matched, shows which PERSONALITY parameters were matched. Works for 1 hour","–ü—Ä–∏ —Å–æ–≤–ø–∞–¥–µ–Ω–∏–∏ –ø–æ–∫–∞–∑—ã–≤–∞–µ—Ç, –∫–∞–∫–∏–µ –ø–∞—Ä–∞–º–µ—Ç—Ä—ã  PERSONALITY –±—ã–ª–∏ —Å–æ–ø–æ—Å—Ç–∞–≤–ª–µ–Ω—ã. –†–∞–±–æ—Ç–∞–µ—Ç 1 —á–∞—Å","–ü—ñ–¥ —á–∞—Å –∑–±—ñ–≥—É –ø–æ–∫–∞–∑—É—î, —è–∫—ñ –ø–∞—Ä–∞–º–µ—Ç—Ä–∏ PERSONALITY –±—É–ª–∏ –∑—ñ—Å—Ç–∞–≤–ª–µ–Ω—ñ. –ü—Ä–∞—Ü—é—î 1 –≥–æ–¥–∏–Ω—É",,
NullifierD,"Allows you to pass any test one more time, without waiting. It can be activated from the 'Test' section","–ü–æ–∑–≤–æ–ª—è–µ—Ç –ø—Ä–æ–π—Ç–∏ –ª—é–±–æ–π —Ç–µ—Å—Ç –µ—â–µ —Ä–∞–∑, –Ω–µ –¥–æ–∂–∏–¥–∞—è—Å—å. –ï–≥–æ –º–æ–∂–Ω–æ –∞–∫—Ç–∏–≤–∏—Ä–æ–≤–∞—Ç—å –∏–∑ —Ä–∞–∑–¥–µ–ª–∞ ¬´–¢–µ—Å—Ç¬ª.","–î–æ–∑–≤–æ–ª—è—î –ø—Ä–æ–π—Ç–∏ –±—É–¥—å-—è–∫–∏–π —Ç–µ—Å—Ç —â–µ —Ä–∞–∑, –Ω–µ —á–µ–∫–∞—é—á–∏. –ô–æ–≥–æ –º–æ–∂–Ω–∞ –∞–∫—Ç–∏–≤—É–≤–∞—Ç–∏ –∑ —Ä–æ–∑–¥—ñ–ª—É ""–¢–µ—Å—Ç"".",,
CardDecMiniD,Instantly adds 20 profile views to your daily views,–ú–≥–Ω–æ–≤–µ–Ω–Ω–æ –¥–æ–±–∞–≤–ª—è–µ—Ç 20 –ø—Ä–æ—Å–º–æ—Ç—Ä–æ–≤ –ø—Ä–æ—Ñ–∏–ª—è –∫ –≤–∞—à–∏–º –µ–∂–µ–¥–Ω–µ–≤–Ω—ã–º –ø—Ä–æ—Å–º–æ—Ç—Ä–∞–º.,–ú–∏—Ç—Ç—î–≤–æ –¥–æ–¥–∞—î 20 –ø–µ—Ä–µ–≥–ª—è–¥—ñ–≤ –ø—Ä–æ—Ñ—ñ–ª—é –¥–æ –≤–∞—à–∏—Ö —â–æ–¥–µ–Ω–Ω–∏—Ö –ø–µ—Ä–µ–≥–ª—è–¥—ñ–≤.,,
CardDecPlatinumD,Instantly adds 50 profile views to your daily views,–ú–≥–Ω–æ–≤–µ–Ω–Ω–æ –¥–æ–±–∞–≤–ª—è–µ—Ç 50 –ø—Ä–æ—Å–º–æ—Ç—Ä–æ–≤ –ø—Ä–æ—Ñ–∏–ª—è –∫ –≤–∞—à–∏–º –µ–∂–µ–¥–Ω–µ–≤–Ω—ã–º –ø—Ä–æ—Å–º–æ—Ç—Ä–∞–º.,–ú–∏—Ç—Ç—î–≤–æ –¥–æ–¥–∞—î 50 –ø–µ—Ä–µ–≥–ª—è–¥—ñ–≤ –ø—Ä–æ—Ñ—ñ–ª—é –¥–æ –≤–∞—à–∏—Ö —â–æ–¥–µ–Ω–Ω–∏—Ö –ø–µ—Ä–µ–≥–ª—è–¥—ñ–≤.,,
OceanD,"OCEAN+ system is a test-based system, which helps you in finding people or adventures that you need.\n\nEvery OCEAN+ test you pass provides us with better opportunity to give you search result that may suit you the most.\n\n","–°–∏—Å—Ç–µ–º–∞ OCEAN+ ‚Äî —ç—Ç–æ —Å–∏—Å—Ç–µ–º–∞, –æ—Å–Ω–æ–≤–∞–Ω–Ω–∞—è –Ω–∞ —Ç–µ—Å—Ç–∞—Ö,—á—Ç–æ –ø–æ–º–æ–≥—É—Ç —Ç–µ–±–µ –Ω–∞—Ö–æ–¥–∏—Ç—å –ª—é–¥–µ–π –∏–ª–∏ –ø—Ä–∏–∫–ª—é—á–µ–Ω–∏—è, –∫–æ—Ç–æ—Ä—ã–µ —Ç–µ–±–µ –Ω—É–∂–Ω—ã.\n\n–ö–∞–∂–¥—ã–π —Ç–µ—Å—Ç OCEAN+, –∫–æ—Ç–æ—Ä—ã–π —Ç—ã –ø—Ä–æ—Ö–æ–¥–∏—à—å, –¥–∞–µ—Ç —Ç–µ–±–µ –±–æ–ª—å—à–µ –≤–æ–∑–º–æ–∂–Ω–æ—Å—Ç–∏ –ø—Ä–µ–¥–æ—Å—Ç–∞–≤–∏—Ç—å —Ç–µ–±–µ —Ä–µ–∑—É–ª—å—Ç–∞—Ç—ã –ø–æ–∏—Å–∫–∞, –∫–æ—Ç–æ—Ä—ã–µ –º–æ–≥—É—Ç –ø–æ–¥–æ–π—Ç–∏ —Ç–µ–±–µ –±–æ–ª—å—à–µ –≤—Å–µ–≥–æ.\n\n","–°–∏—Å—Ç–µ–º–∞ OCEAN+ ‚Äî —Ü–µ —Å–∏—Å—Ç–µ–º–∞, –∑–∞—Å–Ω–æ–≤–∞–Ω–∞ –Ω–∞ —Ç–µ—Å—Ç–∞—Ö, —â–æ –¥–æ–ø–æ–º–æ–∂—É—Ç—å —Ç–æ–±—ñ –∑–Ω–∞—Ö–æ–¥–∏—Ç–∏ –ª—é–¥–µ–π –∞–±–æ –ø—Ä–∏–≥–æ–¥–∏, —è–∫—ñ —Ç–æ–±—ñ –ø–æ—Ç—Ä—ñ–±–Ω—ñ. n\n",,
SelectOption,"<i><b>Please, select an option</b></i>","<i><b>–ü–æ–∂–∞–ª—É–π—Å—Ç–∞, –≤—ã–±–µ—Ä–∏—Ç–µ –≤–∞—Ä–∏–∞–Ω—Ç</b></i>","<i><b>–ë—É–¥—å –ª–∞—Å–∫–∞, –≤–∏–±–µ—Ä—ñ—Ç—å –≤–∞—Ä—ñ–∞–Ω—Ç</b></i>",,
HelpM,<i><b>You can type /help at any time to get more info about functionalities </b></i>,"<i><b>–¢—ã –º–æ–∂–µ—à—å –≤ –ª—é–±–æ–π –º–æ–º–µ–Ω—Ç –≤–≤–µ—Å—Ç–∏ /help, —á—Ç–æ–±—ã –ø–æ–ª—É—á–∏—Ç—å –¥–æ–ø–æ–ª–Ω–∏—Ç–µ–ª—å–Ω—É—é –∏–Ω—Ñ–æ—Ä–º–∞—Ü–∏—é –æ —Ñ—É–Ω–∫—Ü–∏—è—Ö </b></i>","<i><b>–¢–∏ –º–æ–∂–µ—à —É –±—É–¥—å-—è–∫–∏–π –º–æ–º–µ–Ω—Ç –≤–≤–µ—Å—Ç–∏ /help, —â–æ–± –æ—Ç—Ä–∏–º–∞—Ç–∏ –¥–æ–¥–∞—Ç–∫–æ–≤—É —ñ–Ω—Ñ–æ—Ä–º–∞—Ü—ñ—é –ø—Ä–æ —Ñ—É–Ω–∫—Ü—ñ—ó </b></i>",,
SomethingWrong,"Something went wrong. Please, contact the administration","–ß—Ç–æ-—Ç–æ –ø–æ—à–ª–æ –Ω–µ —Ç–∞–∫. –ü–æ–∂–∞–ª—É–π—Å—Ç–∞, —Å–≤—è–∂–∏—Ç–µ—Å—å —Å –∞–¥–º–∏–Ω–∏—Å—Ç—Ä–∞—Ü–∏–µ–π","–©–æ—Å—å –ø—ñ—à–ª–æ –Ω–µ —Ç–∞–∫. –ë—É–¥—å –ª–∞—Å–∫–∞, –∑–≤'—è–∂—ñ—Ç—å—Å—è –∑ –∞–¥–º—ñ–Ω—ñ—Å—Ç—Ä–∞—Ü—ñ—î—é",,
NoSuchOption,No such option,–ù–µ—Ç —Ç–∞–∫–æ–π –æ–ø—Ü–∏–∏,–ù–µ–º–∞—î —Ç–∞–∫–æ—ó –æ–ø—Ü—ñ—ó,,
AutoReplyM,Send a text message (up to 300 characters) or a ‚≠êVoice message (Up to 15 seconds)‚≠ê that will be sent to every user who likes your profile\n\nThis is your current auto reply:<i><b>{auto_reply['autoReply']}</b></i>,"–û—Ç–ø—Ä–∞–≤—å  —Ç–µ–∫—Å—Ç–æ–≤–æ–µ —Å–æ–æ–±—â–µ–Ω–∏–µ (–¥–æ 300 —Å–∏–º–≤–æ–ª–æ–≤) –∏–ª–∏ ‚≠ê–ì–æ–ª–æ—Å–æ–≤–æ–µ —Å–æ–æ–±—â–µ–Ω–∏–µ (–¥–æ 15¬†—Å–µ–∫—É–Ω–¥)‚≠ê, –∫–æ—Ç–æ—Ä–æ–µ –±—É–¥–µ—Ç –æ—Ç–ø—Ä–∞–≤–ª–µ–Ω–æ –∫–∞–∂–¥–æ–º—É –ø–æ–ª—å–∑–æ–≤–∞—Ç–µ–ª—é, –∫–æ—Ç–æ—Ä–æ–º—É –ø–æ–Ω—Ä–∞–≤–∏—Ç—Å—è —Ç–≤–æ–π –ø—Ä–æ—Ñ–∏–ª—å.\n\n–≠—Ç–æ —Ç–≤–æ–π —Ç–µ–∫—É—â–∏–π –∞–≤—Ç–æ–º–∞—Ç–∏—á–µ—Å–∫–∏–π –æ—Ç–≤–µ—Ç:<i><b> {auto_reply['autoReply']}</b></i>","–ù–∞–¥—ñ—à–ª—ñ—Ç—å —Ç–µ–∫—Å—Ç–æ–≤–µ –ø–æ–≤—ñ–¥–æ–º–ª–µ–Ω–Ω—è (–¥–æ 300 —Å–∏–º–≤–æ–ª—ñ–≤) –∞–±–æ ‚≠ê–ì–æ–ª–æ—Å–æ–≤–µ –ø–æ–≤—ñ–¥–æ–º–ª–µ–Ω–Ω—è (–¥–æ 15¬†—Å–µ–∫—É–Ω–¥)‚≠ê, —è–∫–µ –±—É–¥–µ –Ω–∞–¥—ñ—Å–ª–∞–Ω–æ –∫–æ–∂–Ω–æ–º—É –∫–æ—Ä–∏—Å—Ç—É–≤–∞—á–µ–≤—ñ, —è–∫–æ–º—É —Å–ø–æ–¥–æ–±–∞—î—Ç—å—Å—è —Ç–≤—ñ–π –ø—Ä–æ—Ñ—ñ–ª—å.\n\n–¶–µ —Ç–≤–æ—è –ø–æ—Ç–æ—á–Ω–∞ –∞–≤—Ç–æ–º–∞—Ç–∏—á–Ω–∞ –≤—ñ–¥–ø–æ–≤—ñ–¥—å:<i><b> {auto_reply['autoReply ']}</b></i>",,
SetSuccessfully,Set successfully !,–£—Å—Ç–∞–Ω–æ–≤–ª–µ–Ω–Ω–æ —É—Å–ø–µ—à–Ω–æ!,–í—Å—Ç–∞–Ω–æ–≤–ª–µ–Ω–æ —É—Å–ø—ñ—à–Ω–æ!,,
BotCommentsD,Personality bot can make its own comments of profiles you encounter in any kind of search. Try it out!,,,,
LimitationM,Up to 15 seconds,–î–æ 15 —Å–µ–∫—É–Ω–¥,–î–æ 15 —Å–µ–∫—É–Ω–¥,,
PremiumM,"Sorry, only users with premium access can perform that action","–ö —Å–æ–∂–∞–ª–µ–Ω–∏—é, —ç—Ç–æ –¥–µ–π—Å—Ç–≤–∏–µ –º–æ–≥—É—Ç –≤—ã–ø–æ–ª–Ω—è—Ç—å —Ç–æ–ª—å–∫–æ –ø–æ–ª—å–∑–æ–≤–∞—Ç–µ–ª–∏ —Å –ø—Ä–µ–º–∏–∞–ª—å–Ω—ã–º –¥–æ—Å—Ç—É–ø–æ–º.","–ù–∞ –∂–∞–ª—å, —Ü—é –¥—ñ—é –º–æ–∂—É—Ç—å –≤–∏–∫–æ–Ω—É–≤–∞—Ç–∏ –ª–∏—à–µ –∫–æ—Ä–∏—Å—Ç—É–≤–∞—á—ñ –∑ –ø—Ä–µ–º—ñ–∞–ª—å–Ω–∏–º –¥–æ—Å—Ç—É–ø–æ–º.",,
AutoReplylimitations,Up to 300 characters please,"–ü–æ–∂–∞–ª—É–π—Å—Ç–∞, –¥–æ 300 —Å–∏–º–≤–æ–ª–æ–≤","–ë—É–¥—å –ª–∞—Å–∫–∞, –¥–æ 300 —Å–∏–º–≤–æ–ª—ñ–≤",,
TypeE,Only text and voice messages are accepted,–ü—Ä–∏–Ω–∏–º–∞—é—Ç—Å—è —Ç–æ–ª—å–∫–æ —Ç–µ–∫—Å—Ç–æ–≤—ã–µ –∏ –≥–æ–ª–æ—Å–æ–≤—ã–µ —Å–æ–æ–±—â–µ–Ω–∏—è,–ü—Ä–∏–π–º–∞—é—Ç—å—Å—è –ª–∏—à–µ —Ç–µ–∫—Å—Ç–æ–≤—ñ —Ç–∞ –≥–æ–ª–æ—Å–æ–≤—ñ –ø–æ–≤—ñ–¥–æ–º–ª–µ–Ω–Ω—è,,
HintsD,Hints are informative or funny phrases. They are sent when you travel between bot's modules,,,,
SelectFilter,Click on a filter's name to see it's description,"–ù–∞–∂–º–∏ –Ω–∞ –Ω–∞–∑–≤–∞–Ω–∏–µ —Ñ–∏–ª—å—Ç—Ä–∞, —á—Ç–æ–±—ã —É–≤–∏–¥–µ—Ç—å –µ–≥–æ –æ–ø–∏—Å–∞–Ω–∏–µ","–ù–∞—Ç–∏—Å–Ω—ñ—Ç—å –Ω–∞ –Ω–∞–∑–≤—É —Ñ—ñ–ª—å—Ç—Ä–∞, —â–æ–± –ø–æ–±–∞—á–∏—Ç–∏ –π–æ–≥–æ –æ–ø–∏—Å",,
RandomLangD,"When this filter is turned on - all people you'll encounter in /random section are going to speak in a languages you have chosen during registration. If it is turned off - you will be able to encounter absolutely random people, from random places, speaking languages, that can vary from yours.\n","–ö–æ–≥–¥–∞ —ç—Ç–æ—Ç —Ñ–∏–ª—å—Ç—Ä –≤–∫–ª—é—á–µ–Ω - –≤—Å–µ –ª—é–¥–∏, –∫–æ—Ç–æ—Ä—ã—Ö —Ç—ã –≤—Å—Ç—Ä–µ—Ç–∏—à—å –≤ —Ä–∞–∑–¥–µ–ª–µ /random, –±—É–¥—É—Ç –≥–æ–≤–æ—Ä–∏—Ç—å –Ω–∞ —è–∑—ã–∫–∞—Ö, –∫–æ—Ç–æ—Ä—ã–µ —Ç—ã –≤—ã–±—Ä–∞–ª –ø—Ä–∏ —Ä–µ–≥–∏—Å—Ç—Ä–∞—Ü–∏–∏. –ï—Å–ª–∏ –µ–≥–æ –æ—Ç–∫–ª—é—á–∏—Ç—å - —Ç—ã —Å–º–æ–∂–µ—à—å –≤—Å—Ç—Ä–µ—Ç–∏—Ç—å –∞–±—Å–æ–ª—é—Ç–Ω–æ —Å–ª—É—á–∞–π–Ω—ã—Ö –ª—é–¥–µ–π, –∏–∑ —Å–ª—É—á–∞–π–Ω—ã—Ö –º–µ—Å—Ç, –≥–æ–≤–æ—Ä—è—â–∏—Ö –Ω–∞ —è–∑—ã–∫–∞—Ö, –∫–æ—Ç–æ—Ä—ã–µ –º–æ–≥—É—Ç –æ—Ç–ª–∏—á–∞—Ç—å—Å—è –æ—Ç —Ç–≤–æ–µ–≥–æ.\n","–ö–æ–ª–∏ —Ü–µ–π —Ñ—ñ–ª—å—Ç—Ä —É–≤—ñ–º–∫–Ω–µ–Ω–∏–π - –≤—Å—ñ –ª—é–¥–∏, —è–∫–∏—Ö —Ç–∏ –∑—É—Å—Ç—Ä—ñ–Ω–µ—à —É —Ä–æ–∑–¥—ñ–ª—ñ /random, –±—É–¥—É—Ç—å –≥–æ–≤–æ—Ä–∏—Ç–∏ –º–æ–≤–∞–º–∏, —è–∫—ñ –≤–∏ –≤–∏–±—Ä–∞–ª–∏ –ø—ñ–¥ —á–∞—Å —Ä–µ—î—Å—Ç—Ä–∞—Ü—ñ—ó. –Ø–∫—â–æ –π–æ–≥–æ –≤—ñ–¥–∫–ª—é—á–∏—Ç–∏ - —Ç–∏ –∑–º–æ–∂–µ—à –∑—É—Å—Ç—Ä—ñ—Ç–∏ –∞–±—Å–æ–ª—é—Ç–Ω–æ –≤–∏–ø–∞–¥–∫–æ–≤–∏—Ö –ª—é–¥–µ–π, –∑ –≤–∏–ø–∞–¥–∫–æ–≤–∏—Ö –º—ñ—Å—Ü—å, —è–∫—ñ –≥–æ–≤–æ—Ä—è—Ç—å –º–æ–≤–∞–º–∏, —è–∫—ñ –º–æ–∂—É—Ç—å –≤—ñ–¥—Ä—ñ–∑–Ω—è—Ç–∏—Å—è –≤—ñ–¥ —Ç–≤–æ–≥–æ.\n",,
IsFreeD,"This filter allows you to access so called 'free search'. Using it you can find people, who are up for a meeting today ","–≠—Ç–æ—Ç —Ñ–∏–ª—å—Ç—Ä –ø–æ–∑–≤–æ–ª—è–µ—Ç –ø–æ–ª—É—á–∏—Ç—å –¥–æ—Å—Ç—É–ø –∫ —Ç–∞–∫ –Ω–∞–∑—ã–≤–∞–µ–º–æ–º—É ¬´—Å–≤–æ–±–æ–¥–Ω–æ–º—É –ø–æ–∏—Å–∫—É¬ª. –° –µ–≥–æ –ø–æ–º–æ—â—å—é —Ç—ã –º–æ–∂–µ—à—å –Ω–∞–π—Ç–∏ –ª—é–¥–µ–π, –∫–æ—Ç–æ—Ä—ã–µ —Å–µ–≥–æ–¥–Ω—è –Ω–∞ –≤—Å—Ç—Ä–µ—á–µ ","–¶–µ–π —Ñ—ñ–ª—å—Ç—Ä –¥–æ–∑–≤–æ–ª—è—î –æ—Ç—Ä–∏–º–∞—Ç–∏ –¥–æ—Å—Ç—É–ø –¥–æ —Ç–∞–∫ –∑–≤–∞–Ω–æ–≥–æ ¬´–≤—ñ–ª—å–Ω–æ–≥–æ –ø–æ—à—É–∫—É¬ª. –ó –π–æ–≥–æ –¥–æ–ø–æ–º–æ–≥–æ—é —Ç–∏ –º–æ–∂–µ—à –∑–Ω–∞–π—Ç–∏ –ª—é–¥–µ–π, —è–∫—ñ —Å—å–æ–≥–æ–¥–Ω—ñ –Ω–∞ –∑—É—Å—Ç—Ä—ñ—á—ñ",,
PremiumFilterE,"Sorry, only users with premium can activate that filter","–ö —Å–æ–∂–∞–ª–µ–Ω–∏—é, —Ç–æ–ª—å–∫–æ –ø—Ä–∏–ª–æ–∂–µ–Ω–∏—è —Å –ø—Ä–µ–º–∏—É–º–æ–º –º–æ–≥—É—Ç –∞–∫—Ç–∏–≤–∏—Ä–æ–≤–∞—Ç—å —ç—Ç–æ—Ç —Ñ–∏–ª—å—Ç—Ä","–ù–∞ –∂–∞–ª—å, –ª–∏—à–µ –ø—Ä–æ–≥—Ä–∞–º–∏ –∑ –ø—Ä–µ–º—ñ—É–º–æ–º –º–æ–∂—É—Ç—å –∞–∫—Ç–∏–≤—É–≤–∞—Ç–∏ —Ü–µ–π —Ñ—ñ–ª—å—Ç—Ä",,
AchievementList,Your achievement list,–°–ø–∏—Å–æ–∫ –¥–æ—Å—Ç–∏–∂–µ–Ω–∏–π,–°–ø–∏—Å–æ–∫ –¥–æ—Å—è–≥–Ω–µ–Ω—å,,
AcquiredAchievementsM,Already acquired achievements are marked with '‚úÖ'\nSelect an achievement to view more info,"–£–∂–µ –ø–æ–ª—É—á–µ–Ω—ã –¥–æ—Å—Ç–∏–∂–µ–Ω–∏—è, –æ—Ç–º–µ—á–µ–Ω–Ω—ã–µ –∑–Ω–∞—á–∫–æ–º '‚úÖ'\n–í—ã–±–µ—Ä–∏ –¥–æ—Å—Ç–∏–∂–µ–Ω–∏–µ, —á—Ç–æ–±—ã –ø–æ—Å–º–æ—Ç—Ä–µ—Ç—å –±–æ–ª–µ–µ –ø–æ–¥—Ä–æ–±–Ω—É—é –∏–Ω—Ñ–æ—Ä–º–∞—Ü–∏—é","–í–∂–µ –æ—Ç—Ä–∏–º–∞–Ω–æ –¥–æ—Å—è–≥–Ω–µ–Ω–Ω—è, –ø–æ–∑–Ω–∞—á–µ–Ω—ñ –∑–Ω–∞—á–∫–æ–º '‚úÖ'\n–í–∏–±–µ—Ä–∏ –¥–æ—Å—è–≥–Ω–µ–Ω–Ω—è, —â–æ–± –ø–µ—Ä–µ–≥–ª—è–Ω—É—Ç–∏ –¥–æ–∫–ª–∞–¥–Ω—ñ—à—É —ñ–Ω—Ñ–æ—Ä–º–∞—Ü—ñ—é",,
InventoryM,Here is your effects inventory:,–í–æ—Ç —Ç–≤–æ–π –∏–Ω–≤–µ–Ω—Ç–∞—Ä—å —ç—Ñ—Ñ–µ–∫—Ç–æ–≤:,–û—Å—å —Ç–≤—ñ–π —ñ–Ω–≤–µ–Ω—Ç–∞—Ä –µ—Ñ–µ–∫—Ç—ñ–≤:,,
SelectEffect,Select an effect to read it description,"–í—ã–±–µ—Ä–∏ —ç—Ñ—Ñ–µ–∫—Ç, —á—Ç–æ–±—ã –ø—Ä–æ—á–∏—Ç–∞—Ç—å –µ–≥–æ –æ–ø–∏—Å–∞–Ω–∏–µ","–í–∏–±–µ—Ä–∏ –µ—Ñ–µ–∫—Ç, —â–æ–± –ø—Ä–æ—á–∏—Ç–∞—Ç–∏ –π–æ–≥–æ –æ–ø–∏—Å",,
AvPoints,Available points:,–î–æ—Å—Ç—É–ø–Ω—ã–µ –±–∞–ª–ª—ã:,–î–æ—Å—Ç—É–ø–Ω—ñ –±–∞–ª–∏:,,
ChangesSaved,Changes saved successfully,,,,
Openness,Openness,,,,
Conscientiousness,Conscientiousness,,,,
Extroversion,Extroversion,,,,
Agreeableness,Agreeableness,,,,
Neuroticism,Neuroticism,,,,
Nature,Nature,,,,
SaveB,‚ú®SAVE‚ú®,,,,
PointsTable,Points table:,–¢–∞–±–ª–∏—Ü–∞ –æ—á–∫–æ–≤:,–¢–∞–±–ª–∏—Ü—è –æ—á–æ–∫:,,
AllEncounters,Here are all your recent encounters\nSelect a user to view more options,"–í–æ—Ç –≤—Å–µ —Ç–≤–æ–∏ –Ω–µ–¥–∞–≤–Ω–∏–µ –≤—Å—Ç—Ä–µ—á–∏\n–í—ã–±–µ—Ä–∏ –ø–æ–ª—å–∑–æ–≤–∞—Ç–µ–ª—è, —á—Ç–æ–±—ã –ø—Ä–æ—Å–º–æ—Ç—Ä–µ—Ç—å –¥–æ–ø–æ–ª–Ω–∏—Ç–µ–ª—å–Ω—ã–µ –ø–∞—Ä–∞–º–µ—Ç—Ä—ã","–û—Å—å –≤—Å—ñ —Ç–≤–æ—ó –Ω–µ—â–æ–¥–∞–≤–Ω—ñ –∑—É—Å—Ç—Ä—ñ—á—ñ\n–í–∏–±–µ—Ä–∏ –∫–æ—Ä–∏—Å—Ç—É–≤–∞—á–∞, —â–æ–± –ø–µ—Ä–µ–≥–ª—è–Ω—É—Ç–∏ –¥–æ–¥–∞—Ç–∫–æ–≤—ñ –ø–∞—Ä–∞–º–µ—Ç—Ä–∏",,
NoEncounters,No encounters so far ,–ü–æ–∫–∞ –Ω–∏–∫–∞–∫–∏—Ö –≤—Å—Ç—Ä–µ—á,–ü–æ–∫–∏ —â–æ –∂–æ–¥–Ω–∏—Ö –∑—É—Å—Ç—Ä—ñ—á–µ–π,,
NoEffectE,You dont have that effect,–£ —Ç–µ–±—è –Ω–µ—Ç —Ç–∞–∫–æ–≥–æ —ç—Ñ—Ñ–µ–∫—Ç–∞ ,–£ —Ç–µ–±–µ –Ω–µ–º–∞—î —Ç–∞–∫–æ–≥–æ –µ—Ñ–µ–∫—Ç—É,,
DeleteFromBlackListQ,"Are you sure, you want to delete that user from your black list?","–¢—ã —É–≤–µ—Ä–µ–Ω/–∞, —á—Ç–æ —Ö–æ—Ç–∏—Ç–µ —É–¥–∞–ª–∏—Ç—å —ç—Ç–æ–≥–æ –ø–æ–ª—å–∑–æ–≤–∞—Ç–µ–ª—è –∏–∑ —á–µ—Ä–Ω–æ–≥–æ —Å–ø–∏—Å–∫–∞?","–í–∏ –≤–ø–µ–≤–Ω–µ–Ω—ñ, —â–æ —Ö–æ—á–µ—Ç–µ –≤–∏–¥–∞–ª–∏—Ç–∏ —Ü—å–æ–≥–æ –∫–æ—Ä–∏—Å—Ç—É–≤–∞—á–∞ –∑ —á–æ—Ä–Ω–æ–≥–æ —Å–ø–∏—Å–∫—É?",,
AddFromBlackListQ,"Are you sure, you want to add that user to your black list?","–¢—ã —É–≤–µ—Ä–µ–Ω/–∞, —á—Ç–æ —Ö–æ—á–µ—à—å –¥–æ–±–∞–≤–∏—Ç—å —ç—Ç–æ–≥–æ –ø–æ–ª—å–∑–æ–≤–∞—Ç–µ–ª—è –≤ —Å–≤–æ–π —á–µ—Ä–Ω—ã–π —Å–ø–∏—Å–æ–∫?","–¢–∏ –≤–ø–µ–≤–Ω–µ–Ω–∏–π, —â–æ —Ö–æ—á–µ—à –¥–æ–¥–∞—Ç–∏ —Ü—å–æ–≥–æ –∫–æ—Ä–∏—Å—Ç—É–≤–∞—á–∞ –¥–æ —Å–≤–æ–≥–æ —á–æ—Ä–Ω–æ–≥–æ —Å–ø–∏—Å–∫—É?",,
AddedToBL,User have been successfully added to you black list,–ü–æ–ª—å–∑–æ–≤–∞—Ç–µ–ª—å —É—Å–ø–µ—à–Ω–æ –¥–æ–±–∞–≤–ª–µ–Ω –≤ —Ç–≤–æ–π —á–µ—Ä–Ω—ã–π —Å–ø–∏—Å–æ–∫,–ö–æ—Ä–∏—Å—Ç—É–≤–∞—á —É—Å–ø—ñ—à–Ω–æ –¥–æ–¥–∞–Ω–∏–π —É —Ç–≤—ñ–π —á–æ—Ä–Ω–∏–π —Å–ø–∏—Å–æ–∫,,
UserNotFoundE,User was not recognised. His account had probably been already deleted,"–ü–æ–ª—å–∑–æ–≤–∞—Ç–µ–ª—å –Ω–µ –±—ã–ª —Ä–∞—Å–ø–æ–∑–Ω–∞–Ω. –ï–≥–æ –∞–∫–∫–∞—É–Ω—Ç, –≤–µ—Ä–æ—è—Ç–Ω–æ, —É–∂–µ –±—ã–ª —É–¥–∞–ª–µ–Ω ","–ö–æ—Ä–∏—Å—Ç—É–≤–∞—á –Ω–µ —Ä–æ–∑–ø—ñ–∑–Ω–∞–Ω–æ. –ô–æ–≥–æ –æ–±–ª—ñ–∫–æ–≤–∏–π –∑–∞–ø–∏—Å, –π–º–æ–≤—ñ—Ä–Ω–æ, –≤–∂–µ –±—É–≤ –≤–∏–¥–∞–ª–µ–Ω–∏–π",,
AbortB,Abort,–ü—Ä–µ—Ä–≤–∞—Ç—å,–ü–µ—Ä–µ—Ä–≤–∞—Ç–∏,,
BlackListM,Here are all users you have in your black list\nSelect a user to remove him from the black list,"–ó–¥–µ—Å—å –ø–µ—Ä–µ—á–∏—Å–ª–µ–Ω—ã –≤—Å–µ –ø–æ–ª—å–∑–æ–≤–∞—Ç–µ–ª–∏, –∫–æ—Ç–æ—Ä—ã–µ –µ—Å—Ç—å —É —Ç–µ–±—è –≤ —á–µ—Ä–Ω–æ–º —Å–ø–∏—Å–∫–µ\n–í—ã–±–µ—Ä–∏ –ø–æ–ª—å–∑–æ–≤–∞—Ç–µ–ª—è, —á—Ç–æ–±—ã —É–¥–∞–ª–∏—Ç—å –µ–≥–æ –∏–∑ —á–µ—Ä–Ω–æ–≥–æ —Å–ø–∏—Å–∫–∞","–¢—É—Ç –ø–µ—Ä–µ—Ä–∞—Ö–æ–≤–∞–Ω—ñ –≤—Å—ñ –∫–æ—Ä–∏—Å—Ç—É–≤–∞—á—ñ, —è–∫—ñ —î —É —Ç–µ–±–µ –≤ —á–æ—Ä–Ω–æ–º—É —Å–ø–∏—Å–∫—É \ n –í–∏–±–µ—Ä–∏ –∫–æ—Ä–∏—Å—Ç—É–≤–∞—á–∞, —â–æ–± –≤–∏–¥–∞–ª–∏—Ç–∏ –π–æ–≥–æ –∑ —á–æ—Ä–Ω–æ–≥–æ —Å–ø–∏—Å–∫—É",,
BlackListEmpty,There are no users in your blacklist,–í —Ç–≤–æ–µ–º —á–µ—Ä–Ω–æ–º —Å–ø–∏—Å–∫–µ –Ω–µ—Ç –ø–æ–ª—å–∑–æ–≤–∞—Ç–µ–ª–µ–π ,–£ —Ç–≤–æ—î–º—É —á–æ—Ä–Ω–æ–º—É —Å–ø–∏—Å–∫—É –Ω–µ–º–∞—î –∫–æ—Ä–∏—Å—Ç—É–≤–∞—á—ñ–≤,,
RemovedFromBL,User have been successfully removed from you black list,–ü–æ–ª—å–∑–æ–≤–∞—Ç–µ–ª—å —É—Å–ø–µ—à–Ω–æ —É–¥–∞–ª–µ–Ω –∏–∑ —Ç–≤–æ–µ–≥–æ —á–µ—Ä–Ω–æ–≥–æ —Å–ø–∏—Å–∫–∞,–ö–æ—Ä–∏—Å—Ç—É–≤–∞—á —É—Å–ø—ñ—à–Ω–æ –≤–∏–¥–∞–ª–µ–Ω–æ –∑ —Ç–≤–æ–≥–æ —á–æ—Ä–Ω–æ–≥–æ —Å–ø–∏—Å–∫—É,,
Online,Online,–í —Å–µ—Ç–∏,–í –º–µ—Ä–µ–∂—ñ,,
TurnOffM,Would you like to turn it off?,–¢—ã  —Ö–æ—á–µ—à—å –≤—ã–∫–ª—é—á–∏—Ç—å –µ–≥–æ?,–¢–∏ —Ö–æ—á–µ—à –≤–∏–º–∫–Ω—É—Ç–∏ –π–æ–≥–æ?,,
Offline,Offline,–ù–µ –≤ —Å–µ—Ç–∏,–ù–µ –≤ –º–µ—Ä–µ–∂—ñ,,
TurnOnM,Would you like to turn it on?,–•–æ—á–µ—à—å –≤–∫–ª—é—á–∏—Ç—å?,–•–æ—á–µ—à —É–≤—ñ–º–∫–Ω—É—Ç–∏?,,
OceanStatus,OCEAN+ is currently,{}OCEAN+ –≤ –Ω–∞—Å—Ç–æ—è—â–µ–µ –≤—Ä–µ–º—è {}\n{},{}OCEAN+ –≤ –¥–∞–Ω–∏–π —á–∞—Å {}\n{},,
StatusQ,"Please, send me your new status (up to 50 characters)","–ü–æ–∂–∞–ª—É–π—Å—Ç–∞, –ø—Ä–∏—à–ª–∏ —Å–≤–æ–π –Ω–æ–≤—ã–π —Å—Ç–∞—Ç—É—Å (–¥–æ 50 —Å–∏–º–≤–æ–ª–æ–≤)","–ë—É–¥—å –ª–∞—Å–∫–∞, –Ω–∞–¥—ñ—à–ª–∏ —Å–≤—ñ–π –Ω–æ–≤–∏–π —Å—Ç–∞—Ç—É—Å (–¥–æ 50 —Å–∏–º–≤–æ–ª—ñ–≤)",,
StatusLengthE,Incorrect status length,–ù–µ–≤–µ—Ä–Ω–∞—è –¥–ª–∏–Ω–∞ —Å—Ç–∞—Ç—É—Å–∞,–ù–µ–≤—ñ—Ä–Ω–∞ –¥–æ–≤–∂–∏–Ω–∞ —Å—Ç–∞—Ç—É—Å—É,,
ConfirmationTypeQ,Please choose type of identity confirmation,–í—ã–±–µ—Ä–∏ —Ç–∏–ø –ø–æ–¥—Ç–≤–µ—Ä–∂–¥–µ–Ω–∏—è –ª–∏—á–Ω–æ—Å—Ç–∏,–í–∏–±–µ—Ä–∏ —Ç–∏–ø –ø—ñ–¥—Ç–≤–µ—Ä–¥–∂–µ–Ω–Ω—è –æ—Å–æ–±–∏—Å—Ç–æ—Å—Ç—ñ,,
ConfType1,"sending us a Video or 'Circle' (15 seconds max), in which you are showing those two gestures one after another: {} .\n!Your face has to be visible!\n\n<b><i>Warning! Your profile media has to contain your face</i></b>","–æ—Ç–ø—Ä–∞–≤–∏–≤ –Ω–∞–º –≤–∏–¥–µ–æ –∏–ª–∏ ¬´–∫—Ä—É–≥¬ª (–º–∞–∫—Å–∏–º—É–º 15 —Å–µ–∫—É–Ω–¥), –≤ –∫–æ—Ç–æ—Ä–æ–º —Ç—ã –ø–æ–∫–∞–∑—ã–≤–∞–µ—à—å —ç—Ç–∏ –¥–≤–∞ –∂–µ—Å—Ç–∞ –æ–¥–∏–Ω –∑–∞ –¥—Ä—É–≥–∏–º: {self.gesture} .\n!–¢–≤–æ–µ –ª–∏—Ü–æ –¥–æ–ª–∂–Ω–æ –±—ã—Ç—å –≤–∏–¥–Ω–æ!\n\n<b>< —è>–í–Ω–∏–º–∞–Ω–∏–µ! –ú–µ–¥–∏–∞ —Ç–≤–æ–µ–≥–æ –ø—Ä–æ—Ñ–∏–ª—è –¥–æ–ª–∂–Ω–æ —Å–æ–¥–µ—Ä–∂–∞—Ç—å —Ç–≤–æ–µ –ª–∏—Ü–æ</i></b>","–≤—ñ–¥–ø—Ä–∞–≤–∏–≤—à–∏ –Ω–∞–º –≤—ñ–¥–µ–æ –∞–±–æ ¬´–∫–æ–ª–æ¬ª (–º–∞–∫—Å–∏–º—É–º 15 —Å–µ–∫—É–Ω–¥), –≤ —è–∫–æ–º—É —Ç–∏ –ø–æ–∫–∞–∑—É—î—à —Ü—ñ –¥–≤–∞ –∂–µ—Å—Ç–∏ –æ–¥–∏–Ω –∑–∞ –æ–¥–Ω–∏–º: {self.gesture} .\n!–¢–≤–æ—è –æ—Å–æ–±–∞ –º–∞—î –±—É—Ç–∏ –≤–∏–¥–Ω–æ! ! –ú–µ–¥—ñ–∞ —Ç–≤–æ–≥–æ –ø—Ä–æ—Ñ—ñ–ª—é –º–∞—î –º—ñ—Å—Ç–∏—Ç–∏ —Ç–≤–æ—é –æ—Å–æ–±—É</i></b>",,
ConfType2,sending us your passport photo\n\n<b><i>Warning! Your profile media has to contain your face</i></b>,–æ—Ç–ø—Ä–∞–≤–∏–≤ –Ω–∞–º —Ñ–æ—Ç–æ–≥—Ä–∞—Ñ–∏–∏ —Å–≤–æ–µ–≥–æ –ø–∞—Å–ø–æ—Ä—Ç–∞\n\n<b><i>–í–Ω–∏–º–∞–Ω–∏–µ! –ú–µ–¥–∏–∞ —Ç–≤–æ–µ–≥–æ –ø—Ä–æ—Ñ–∏–ª—è –¥–æ–ª–∂–Ω–æ —Å–æ–¥–µ—Ä–∂–∞—Ç—å —Ç–≤–æ–µ  –ª–∏—Ü–æ</i></b>,–Ω–∞–¥—ñ—Å–ª–∞–≤—à–∏ –Ω–∞–º —Ñ–æ—Ç–æ–≥—Ä–∞—Ñ—ñ—ó —Å–≤–æ–≥–æ –ø–∞—Å–ø–æ—Ä—Ç–∞\n\n<b><i>–£–≤–∞–≥–∞! –ú–µ–¥—ñ–∞ —Ç–≤–æ–≥–æ –ø—Ä–æ—Ñ—ñ–ª—é –º–∞—î –º—ñ—Å—Ç–∏—Ç–∏ —Ç–≤–æ—é –æ—Å–æ–±—É</i></b>,,
ConfirmByM,You can confirm your identity by {},–¢—ã –º–æ–∂–µ—à—å –ø–æ–¥—Ç–≤–µ—Ä–¥–∏—Ç—å —Å–≤–æ—é –ª–∏—á–Ω–æ—Å—Ç—å {},–¢–∏ –º–æ–∂–µ—à –ø—ñ–¥—Ç–≤–µ—Ä–¥–∏—Ç–∏ —Å–≤–æ—é –æ—Å–æ–±–∏—Å—Ç—ñ—Å—Ç—å {},,
ToLongVideoE,Video is too long,–í–∏–¥–µ–æ —Å–ª–∏—à–∫–æ–º –¥–ª–∏–Ω–Ω–æ–µ,–í—ñ–¥–µ–æ –Ω–∞–¥—Ç–æ –¥–æ–≤–≥–µ,,
RequestAcceptedM,"Done! Please wait until administration resolves your request.\nIf you have any questions, please contact @Admin","–ì–æ—Ç–æ–≤–æ! –ü–æ–¥–æ–∂–¥–∏—Ç–µ, –ø–æ–∫–∞ –∞–¥–º–∏–Ω–∏—Å—Ç—Ä–∞—Ü–∏—è —Ä–µ—à–∏—Ç –≤–∞—à –∑–∞–ø—Ä–æ—Å.\n–ï—Å–ª–∏ —É —Ç–µ–±—è –µ—Å—Ç—å –∫–∞–∫–∏–µ-–ª–∏–±–æ –≤–æ–ø—Ä–æ—Å—ã, —Å–≤—è–∂–∏—Ç–µ—Å—å —Å @Admin.","–ì–æ—Ç–æ–≤–æ! –ó–∞—á–µ–∫–∞–π—Ç–µ, –¥–æ–∫–∏ –∞–¥–º—ñ–Ω—ñ—Å—Ç—Ä–∞—Ü—ñ—è –≤–∏—Ä—ñ—à–∏—Ç—å –≤–∞—à –∑–∞–ø–∏—Ç.\n–Ø–∫—â–æ —É —Ç–µ–±–µ —î –ø–∏—Ç–∞–Ω–Ω—è, –∑–≤'—è–∂—ñ—Ç—å—Å—è –∑ @Admin.",,
InvalidDataTypeE,This type of data cannot be accepted as your identity confirmation,–≠—Ç–æ—Ç —Ç–∏–ø –¥–∞–Ω–Ω—ã—Ö –Ω–µ –º–æ–∂–µ—Ç –±—ã—Ç—å –ø—Ä–∏–Ω—è—Ç –≤ –∫–∞—á–µ—Å—Ç–≤–µ –ø–æ–¥—Ç–≤–µ—Ä–∂–¥–µ–Ω–∏—è —Ç–≤–æ–µ–π –ª–∏—á–Ω–æ—Å—Ç–∏.,–¶–µ–π —Ç–∏–ø –¥–∞–Ω–∏—Ö –Ω–µ –º–æ–∂–µ –±—É—Ç–∏ –ø—Ä–∏–π–Ω—è—Ç–∏–π —è–∫ –ø—ñ–¥—Ç–≤–µ—Ä–¥–∂–µ–Ω–Ω—è —Ç–≤–æ—î—ó –æ—Å–æ–±–∏.,,
TheValentine,<i>The Valentine:</i> ,<i>–í–∞–ª–µ–Ω—Ç–∏–Ω–∫–∞:</i>,<i>–í–∞–ª–µ–Ω—Ç–∏–Ω–∫–∞:</i>,,
OceanIsOffE,You have to turn on OCEAN+ to use this effect,"–¢—ã –¥–æ–ª–∂–µ–Ω/–∞ –≤–∫–ª—é—á–∏—Ç—å OCEAN+, —á—Ç–æ–±—ã –∏—Å–ø–æ–ª—å–∑–æ–≤–∞—Ç—å —ç—Ç–æ—Ç —ç—Ñ—Ñ–µ–∫—Ç","–í–∏ –ø–æ–≤–∏–Ω–Ω—ñ –≤–∫–ª—é—á–∏—Ç–∏ OCEAN+, —â–æ–± –≤–∏–∫–æ—Ä–∏—Å—Ç–æ–≤—É–≤–∞—Ç–∏ —Ü–µ–π –µ—Ñ–µ–∫—Ç",,
TheDetector,<i>The Detector</i>,<i>–î–µ—Ç–µ–∫—Ç–æ—Ä</i>,<i>–î–µ—Ç–µ–∫—Ç–æ—Ä</i>,,
ActivatedM,Activated!,–ê–∫—Ç–∏–≤–∏—Ä–æ–≤–∞–Ω–æ!,–ê–∫—Ç–∏–≤–æ–≤–∞–Ω–æ!,,
OceanPointsNotInvestedE,You did not spend any OCEAN+ points yet,–¢—ã –µ—â–µ –Ω–µ –ø–æ—Ç—Ä–∞—Ç–∏–ª –Ω–∏ –æ–¥–Ω–æ–≥–æ –æ—á–∫–∞ OCEAN+.,–¢–∏ —â–µ –Ω–µ –≤–∏—Ç—Ä–∞—Ç–∏–≤ –∂–æ–¥–Ω–æ–≥–æ –æ—á–∫–∞ OCEAN+,,
PartialConfirmationM,Partial identity confirmation:\n‚úÖ Face confirmation\n‚õî Age confirmation\n‚õî Location confirmation,–ß–∞—Å—Ç–∏—á–Ω–æ–µ –ø–æ–¥—Ç–≤–µ—Ä–∂–¥–µ–Ω–∏–µ –ª–∏—á–Ω–æ—Å—Ç–∏:\n‚úÖ –ü–æ–¥—Ç–≤–µ—Ä–∂–¥–µ–Ω–∏–µ –ª–∏—Ü–∞\n‚õî –ü–æ–¥—Ç–≤–µ—Ä–∂–¥–µ–Ω–∏–µ –≤–æ–∑—Ä–∞—Å—Ç–∞\n‚õî –ü–æ–¥—Ç–≤–µ—Ä–∂–¥–µ–Ω–∏–µ –º–µ—Å—Ç–æ–ø–æ–ª–æ–∂–µ–Ω–∏—è,–ß–∞—Å—Ç–∫–æ–≤–µ –ø—ñ–¥—Ç–≤–µ—Ä–¥–∂–µ–Ω–Ω—è –æ—Å–æ–±–∏:\n‚úÖ –ü—ñ–¥—Ç–≤–µ—Ä–¥–∂–µ–Ω–Ω—è –æ—Å–æ–±–∏\n‚õî –ü—ñ–¥—Ç–≤–µ—Ä–¥–∂–µ–Ω–Ω—è –≤—ñ–∫—É\n‚õî –ü—ñ–¥—Ç–≤–µ—Ä–¥–∂–µ–Ω–Ω—è —Ä–æ–∑—Ç–∞—à—É–≤–∞–Ω–Ω—è,,
FullConfirmationM,Full identity confirmation:\n‚úÖ Face confirmation\n‚úÖ Age confirmation\n‚úÖ Location confirmation,–ü–æ–ª–Ω–æ–µ –ø–æ–¥—Ç–≤–µ—Ä–∂–¥–µ–Ω–∏–µ –ª–∏—á–Ω–æ—Å—Ç–∏:\n‚úÖ –ü–æ–¥—Ç–≤–µ—Ä–∂–¥–µ–Ω–∏–µ –ª–∏—Ü–∞\n‚úÖ –ü–æ–¥—Ç–≤–µ—Ä–∂–¥–µ–Ω–∏–µ –≤–æ–∑—Ä–∞—Å—Ç–∞\n‚úÖ –ü–æ–¥—Ç–≤–µ—Ä–∂–¥–µ–Ω–∏–µ –º–µ—Å—Ç–æ–ø–æ–ª–æ–∂–µ–Ω–∏—è,–ü–æ–≤–Ω–µ –ø—ñ–¥—Ç–≤–µ—Ä–¥–∂–µ–Ω–Ω—è –æ—Å–æ–±–∏:\n‚úÖ –ü—ñ–¥—Ç–≤–µ—Ä–¥–∂–µ–Ω–Ω—è –æ—Å–æ–±–∏\n‚úÖ –ü—ñ–¥—Ç–≤–µ—Ä–¥–∂–µ–Ω–Ω—è –≤—ñ–∫—É\n‚úÖ –ü—ñ–¥—Ç–≤–µ—Ä–¥–∂–µ–Ω–Ω—è —Ä–æ–∑—Ç–∞—à—É–≤–∞–Ω–Ω—è,,
NoOceanPointsE,You dont have any OCEAN+ points left,–£ —Ç–µ–±—è –Ω–µ –æ—Å—Ç–∞–ª–æ—Å—å –æ—á–∫–æ–≤ PERSONALITY,–£ —Ç–µ–±–µ –Ω–µ –∑–∞–ª–∏—à–∏–ª–æ—Å—è –æ—á–æ–∫ PERSONALITY,,
NoTestsPassedE,Pass at least one test related to this parameter first ,"–°–Ω–∞—á–∞–ª–∞ –ø—Ä–æ–π–¥–∏ —Ö–æ—Ç—è –±—ã –æ–¥–∏–Ω —Ç–µ—Å—Ç, —Å–≤—è–∑–∞–Ω–Ω—ã–π —Å —ç—Ç–∏–º –ø–∞—Ä–∞–º–µ—Ç—Ä–æ–º ","–°–ø–æ—á–∞—Ç–∫—É –ø—Ä–æ–π–¥–∏ —Ö–æ—á–∞ –± –æ–¥–∏–Ω —Ç–µ—Å—Ç, –ø–æ–≤'—è–∑–∞–Ω–∏–π —ñ–∑ —Ü–∏–º –ø–∞—Ä–∞–º–µ—Ç—Ä–æ–º",,
GoBackHintM,Type 'Go Back' to return to the previous section,"–í–≤–µ–¥–∏ ¬´–í–µ—Ä–Ω—É—Ç—å—Å—è¬ª, —á—Ç–æ–±—ã –≤–µ—Ä–Ω—É—Ç—å—Å—è –∫ –ø—Ä–µ–¥—ã–¥—É—â–µ–º—É —Ä–∞–∑–¥–µ–ª—É.","–í–≤–µ–¥–∏ ¬´–ü–æ–≤–µ—Ä–Ω—É—Ç–∏—Å—è¬ª, —â–æ–± –ø–æ–≤–µ—Ä–Ω—É—Ç–∏—Å—è –¥–æ –ø–æ–ø–µ—Ä–µ–¥–Ω—å–æ–≥–æ —Ä–æ–∑–¥—ñ–ª—É.",,
AchivementDataE,"Unable to load achievement data, please, contact the administration","–ù–µ —É–¥–∞–ª–æ—Å—å –∑–∞–≥—Ä—É–∑–∏—Ç—å –¥–∞–Ω–Ω—ã–µ –¥–æ—Å—Ç–∏–∂–µ–Ω–∏–π, –ø–æ–∂–∞–ª—É–π—Å—Ç–∞, —Å–≤—è–∂–∏—Å—å —Å –∞–¥–º–∏–Ω–∏—Å—Ç—Ä–∞—Ü–∏–µ–π","–ù–µ –≤–¥–∞–ª–æ—Å—è –∑–∞–≤–∞–Ω—Ç–∞–∂–∏—Ç–∏ –¥–∞–Ω—ñ –¥–æ—Å—è–≥–Ω–µ–Ω—å, –±—É–¥—å –ª–∞—Å–∫–∞, –∑–≤'—è–∂–∏—Å—å –∑ –∞–¥–º—ñ–Ω—ñ—Å—Ç—Ä–∞—Ü—ñ—î—é",,
ChooseOption,"<b><i>Please, choose an option from a list below</i></b>","<b><i>–ü–æ–∂–∞–ª—É–π—Å—Ç–∞, –≤—ã–±–µ—Ä–∏ –≤–∞—Ä–∏–∞–Ω—Ç –∏–∑ —Å–ø–∏—Å–∫–∞ –Ω–∏–∂–µ</i></b>","<b><i>–ë—É–¥—å –ª–∞—Å–∫–∞, –≤–∏–±–µ—Ä—ñ—Ç—å –≤–∞—Ä—ñ–∞–Ω—Ç –∑—ñ —Å–ø–∏—Å–∫—É –Ω–∏–∂—á–µ</i></b>",,
BalanceM,üíéCoins: {}\nüíéPersonality Points: {}\nüí•Second Chances{}\nüí•Valentines: {}\nüí•Detectors: {}\nüí•Nullifiers: {}\nüí•Card Decks Mini: {}\nüí•Card Decks Platinum: {},üíé–ú–æ–Ω–µ—Ç—ã: {}\nüíé–û—á–∫–∏ –ª–∏—á–Ω–æ—Å—Ç–∏: {}\nüí•–í—Ç–æ—Ä–æ–π —à–∞–Ω—Å{}\nüí•–í–∞–ª–µ–Ω—Ç–∏–Ω—ã: {}\nüí•–î–µ—Ç–µ–∫—Ç–æ—Ä—ã: {}\nüí•–ù—É–ª—å–∏—Ñ–∏–∫–∞—Ç–æ—Ä—ã: {}\nüí•–ú–∏–Ω–∏-–∫–æ–ª–æ–¥—ã –∫–∞—Ä—Ç: {} \nüí•–ö–æ–ª–æ–¥—ã –∫–∞—Ä—Ç –ü–ª–∞—Ç–∏–Ω–∞: {},üíé–ú–æ–Ω–µ—Ç–∏: {}\nüíé–ë–∞–ª–∏ –æ—Å–æ–±–∏—Å—Ç–æ—Å—Ç—ñ: {}\nüí•–î—Ä—É–≥–∏–π —à–∞–Ω—Å{}\nüí•–í–∞–ª–µ–Ω—Ç–∏–Ω–∫–∏: {}\nüí•–î–µ—Ç–µ–∫—Ç–æ—Ä–∏: {}\nüí•–ù—É–ª—ñ—Ñ—ñ–∫–∞—Ç–æ—Ä–∏: {}\nüí•–ú—ñ–Ω—ñ-–∫–æ–ª–æ–¥–∏ –∫–∞—Ä—Ç: { } \nüí•–ö–æ–ª–æ–¥–∏ –∫–∞—Ä—Ç –ü–ª–∞—Ç–∏–Ω–∞: {},,
AutoReplyM2,Send me a text message (up to 300 characters) or a ‚≠êVoice message (Up to 15 seconds)‚≠ê that will be sent to every user who likes your profile\n\nThis is your current auto reply:<i><b>{}</b></i>,,,,
VerifiedFilterD,"When this filter is turned on, you will encounter only people with a verified profile",,,,
DeleteProfileQ,"Are you sure, you want to delete your profile ?",,,,
ProfileDeletedQ,"We want to improve and make your service suitable and comfortable for everyone.\nPlease, tell us why have you decided to delete your profile",,,,
ProfileDeletedM,"Done! Your profile had been deleted successfully.\nYou may restore all your data during 30 days by hitting /registration in the main menu""",,,,
PremiumRestrictionM,This action is available only for users with premium,,,,
UpdateByM,You can update current request by {},,,,
SecondChance,Second Chance,,,,
Nullifier,Nullifier,,,,
CardDeckMini,Card Deck Mini,,,,
CardDeckPlatinum,Card Deck Platinum,,,,
Valentine,Valentine,,,,
Detector,Detector,,,,
ExpiresAtM,Expires at:,,,,